{"accuracy": [0.7410841584205627, 0.9436519145965576, 0.9757489562034607, 0.9818117022514343], "loss": [0.7297020554542542, 0.15636710822582245, 0.07674667239189148, 0.060421157628297806], "val_accuracy": [0.5836299061775208, 0.5017793774604797, 0.6405693888664246, 0.5587188601493835], "val_loss": [0.996907114982605, 2.3172144889831543, 2.381927251815796, 2.592881679534912]}