{"accuracy": [0.7736712694168091, 0.9496656060218811, 0.981696605682373, 0.9873284101486206, 0.9936642050743103, 0.9964801073074341, 0.9985920190811157, 1.0, 1.0, 0.9809926152229309, 0.9676170349121094, 0.9936642050743103, 0.9996480345726013, 1.0, 1.0], "loss": [0.6855471134185791, 0.1332005262374878, 0.06315130740404129, 0.049358151853084564, 0.025477487593889236, 0.013227955438196659, 0.005926963873207569, 0.00033986871130764484, 0.0007600858225487173, 0.05951261892914772, 0.11228316277265549, 0.017720848321914673, 0.0016460795886814594, 0.0001613362255739048, 5.67508177482523e-05], "val_accuracy": [0.7385159134864807, 0.7667844295501709, 0.6042402982711792, 0.5512367486953735, 0.547703206539154, 0.5583038926124573, 0.7773851752281189, 0.7773851752281189, 0.8056536912918091, 0.7279151678085327, 0.5689045786857605, 0.7385159134864807, 0.685512363910675, 0.7279151678085327, 0.7208480834960938], "val_loss": [1.0302542448043823, 0.6817108988761902, 0.9775359630584717, 1.6821564435958862, 2.6255877017974854, 2.9568583965301514, 1.850790023803711, 2.1247174739837646, 1.1661759614944458, 1.0089960098266602, 2.2502281665802, 1.4567174911499023, 3.0012083053588867, 2.694934129714966, 2.7936201095581055]}